num_decks,random_seed,gen_time,file_size,write_time,read_time
10000,5,0.031133,0.49603271484375,0:00:00.036771,0:00:00.017607
10000,6,0.036171,0.49603271484375,0:00:00.001875,0:00:00.019523
